{
    "alpha": 353.34186649129526,
    "ox": 0.4335923492789316,
    "oy": 0.4927726531569474,
    "width": 0.24089365107766106,
    "height": 0.6271868980605269
}